row,prediction
0,-0.160787358880043
1,-0.4655145406723022
2,-0.0998418927192688
3,-0.5874055624008179
4,0.4486672878265381
5,0.0220490247011184
6,-0.0388964563608169
7,0.0829944759607315
8,-0.221732810139656
9,0.1439399421215057
10,-0.0998418927192688
